CODE_TEAM;CODE_SPONSOR;AMOUNT;FROM_DATE;TO_DATE;CODE_SPONSOR_TEAM;;;
5;1;334263932.2;1999-02-24;--;393;;;
12;1;466278541.51;2015-10-22;--;172;;;
20;1;491039642.63;2000-03-08;2007-12-09;622;;;
20;1;138842386.74;2007-12-10;--;976;;;
24;1;255376080.17;2014-10-23;--;809;;;
26;1;385592742.66;1996-03-30;--;918;;;
38;1;328671380.4;2003-11-27;--;494;;;
40;1;130115141.17;2022-06-19;--;153;;;
47;1;110687898.29;2015-02-12;--;807;;;
63;1;53926414.52;1996-10-07;--;944;;;
66;1;309403662.58;2007-12-16;--;268;;;
70;1;382897432.25;2004-11-19;--;745;;;
71;1;496416774.89;2020-02-22;--;79;;;
86;1;425877268.52;1994-05-08;--;438;;;
87;1;208011177.9;2007-06-19;--;234;;;
94;1;7234214.68;1997-11-08;--;442;;;
95;1;51913885.14;2016-08-16;--;938;;;
100;1;274509106.46;2010-01-29;--;692;;;
102;1;381538998.21;2009-04-14;--;647;;;
106;1;253444084.08;1992-03-08;--;184;;;
108;1;454770032.1;1993-08-15;--;949;;;
117;1;240517365.67;2012-10-31;--;505;;;
121;1;210116024.02;1998-08-06;--;44;;;
132;1;467258452.29;2010-01-24;--;171;;;
142;1;362877876.85;2017-12-08;--;538;;;
152;1;153109961.24;1998-03-22;--;905;;;
153;1;398049232.88;1996-12-16;--;743;;;
154;1;204785550.18;1996-12-12;--;313;;;
3;2;479627302.35;1993-11-05;--;878;;;
4;2;269128994.11;1990-03-11;1991-06-11;474;;;
4;2;243539517.18;1991-07-21;--;551;;;
8;2;445413065.58;2006-08-20;--;107;;;
11;2;413409289.94;2016-12-24;--;100;;;
14;2;150576842.98;2014-01-19;--;706;;;
18;2;445299726.31;2010-07-24;--;711;;;
19;2;50884543.13;2008-04-27;--;104;;;
31;2;269155410.76;2002-12-23;--;520;;;
34;2;204804944.06;2005-01-18;--;456;;;
37;2;402273698.2;2001-02-13;2022-04-04;580;;;
37;2;469760031.19;2022-05-04;--;950;;;
39;2;55141809.32;2001-12-29;--;662;;;
40;2;398745405.57;2005-05-06;--;190;;;
43;2;485499011.39;2001-12-23;--;143;;;
59;2;335023957.62;1992-02-05;--;907;;;
62;2;317374064.96;2020-09-17;--;416;;;
66;2;404810070.04;2019-01-31;--;421;;;
67;2;122493888.09;2018-05-18;--;267;;;
71;2;188791494.11;2006-03-21;--;30;;;
72;2;89522311.83;1991-02-11;--;562;;;
78;2;58154245.19;2006-09-29;--;400;;;
81;2;354177573.08;2015-12-26;--;565;;;
82;2;53591663.26;2004-06-14;--;901;;;
87;2;463102429.38;1997-10-24;--;217;;;
91;2;222242749.53;2019-02-26;--;318;;;
94;2;64593171.1;1992-06-23;--;85;;;
105;2;214878314.36;1995-03-18;--;643;;;
116;2;98228256.27;2006-04-29;--;394;;;
120;2;220535351.62;2019-10-21;--;332;;;
122;2;175991135.54;2021-05-16;--;606;;;
123;2;498314360.52;2013-04-04;--;208;;;
125;2;355101533.39;2017-01-12;--;561;;;
131;2;380287319.86;2009-11-10;--;916;;;
134;2;3300488.84;1995-05-12;--;216;;;
138;2;401579850.33;2014-06-21;--;82;;;
141;2;412026848.88;2019-03-10;--;46;;;
142;2;124823335.42;2018-10-26;--;553;;;
156;2;4099400.78;2011-08-15;--;721;;;
158;2;244525821.48;2007-04-14;--;377;;;
3;3;433527234.94;2007-07-23;--;430;;;
5;3;337986728.72;1994-09-26;--;493;;;
15;3;342394611.81;1999-08-28;--;674;;;
17;3;69402850.88;2016-05-03;--;540;;;
24;3;468535267.2;2012-11-23;--;719;;;
36;3;474344386.41;2020-01-28;--;344;;;
46;3;36908963.81;2021-07-30;--;462;;;
59;3;280114710.66;2014-06-24;--;603;;;
66;3;28059362.74;2020-08-07;--;249;;;
67;3;308963979.7;2012-10-24;--;92;;;
68;3;96911190.64;2013-10-22;--;232;;;
73;3;227238846.68;1991-01-26;--;322;;;
77;3;299459077.32;1996-01-16;--;885;;;
78;3;386402901.06;2009-09-07;--;879;;;
80;3;294278027.18;2015-07-21;--;746;;;
83;3;1415530.86;2002-09-01;--;895;;;
84;3;134791216.67;2014-04-23;--;896;;;
98;3;318165319.31;2022-03-24;--;254;;;
105;3;229027813.99;2012-07-28;--;148;;;
116;3;266176284.65;2018-08-18;--;341;;;
120;3;279374815.71;2000-04-04;--;850;;;
134;3;476969062.98;2012-10-02;--;555;;;
135;3;205497483.72;2022-01-27;--;324;;;
141;3;348748715.9;2004-04-05;--;818;;;
148;3;447474015.87;2007-06-03;2021-05-01;168;;;
148;3;131370898.47;2021-12-22;--;270;;;
149;3;339234534.02;1999-09-11;--;572;;;
8;4;141598968.08;2019-11-22;--;89;;;
9;4;167827443.14;2021-01-29;--;276;;;
11;4;243821733.05;1999-09-03;--;912;;;
15;4;485826130.17;2018-11-29;--;323;;;
17;4;349907361.6;2011-09-02;--;824;;;
20;4;294543045.01;2006-12-11;--;166;;;
36;4;224532739.2;2007-09-03;--;219;;;
52;4;133221980.89;2011-01-07;--;317;;;
59;4;250460399.89;2022-04-24;--;357;;;
84;4;366138636.53;2000-09-04;2007-12-30;188;;;
84;4;491594116.6;2008-12-04;--;170;;;
117;4;194795408.14;1996-08-05;--;241;;;
120;4;106990165.58;2010-10-20;--;315;;;
139;4;105346573.94;2000-05-01;--;84;;;
141;4;473569331.39;2008-03-24;--;909;;;
147;4;289987621.32;2022-02-26;--;41;;;
152;4;251400800.03;1993-12-06;--;999;;;
153;4;254170878.29;1992-08-13;--;677;;;
8;5;482080335.78;2004-11-15;--;138;;;
11;5;434248526.52;2015-10-13;--;738;;;
24;5;158417726.28;2021-01-03;--;283;;;
27;5;16068381.37;1994-02-06;--;880;;;
29;5;390572306.11;2018-01-14;--;608;;;
31;5;309562592.33;2012-02-21;--;994;;;
35;5;224951252.93;2016-05-18;--;76;;;
45;5;345665458.91;2019-07-17;--;8;;;
52;5;120182438.82;2005-04-05;--;285;;;
59;5;112302788.21;2015-05-21;--;710;;;
67;5;173281033.47;2016-05-14;--;80;;;
73;5;307482075.98;2017-04-21;--;601;;;
78;5;263019764.84;2011-02-21;--;15;;;
82;5;200567458.86;2001-09-27;--;427;;;
87;5;221642304.94;2012-11-16;--;988;;;
101;5;164718426.86;1999-08-13;--;177;;;
102;5;106717535.93;2001-01-22;--;737;;;
103;5;220730659.97;2007-05-25;--;488;;;
113;5;381166713.26;2015-03-03;--;363;;;
126;5;207116763.02;2018-05-03;--;301;;;
128;5;43325110.52;2003-01-26;--;563;;;
134;5;308862365.34;2000-01-28;--;419;;;
138;5;210543828.17;1994-09-24;--;843;;;
139;5;130498415.59;2006-05-16;--;539;;;
146;5;349682518.5;1990-04-24;1997-04-10;507;;;
146;5;33454563.94;1998-06-30;--;747;;;
152;5;458223883.82;2004-06-14;--;681;;;
154;5;440968281.08;2001-09-29;--;6;;;
157;5;333520497.16;2017-07-04;--;117;;;
158;5;103656221.39;2011-09-13;--;478;;;
2;6;96449732.14;2003-11-22;--;423;;;
3;6;357921171.85;1994-12-22;--;349;;;
6;6;167984835.33;1998-02-12;--;1;;;
9;6;215429601.91;2020-08-06;--;614;;;
15;6;418095833.94;1991-01-03;--;815;;;
17;6;249071716.35;2021-08-02;--;518;;;
19;6;183594757.47;2008-08-05;--;7;;;
23;6;55707159.6;1997-05-13;--;537;;;
38;6;488103498;1990-03-07;--;609;;;
41;6;248483428.63;2021-09-11;--;410;;;
44;6;11255654.59;2006-07-04;--;472;;;
51;6;231554579.39;2020-05-10;--;367;;;
59;6;184701572.76;2013-03-12;--;653;;;
60;6;89497238.72;2020-04-01;--;690;;;
62;6;160349043.87;2002-06-13;--;12;;;
64;6;123546473.81;1998-10-29;--;676;;;
67;6;119935502.93;2001-11-13;--;650;;;
77;6;307727083.48;1993-05-23;--;321;;;
87;6;207415071.09;2017-08-10;--;132;;;
95;6;217291303.64;2021-06-17;--;730;;;
100;6;276292985.67;2015-03-06;--;109;;;
102;6;180886259.65;2005-08-23;--;705;;;
108;6;237039256.9;2017-11-02;--;541;;;
117;6;178984865.56;1995-02-14;--;714;;;
118;6;15049369.84;2012-01-31;2014-05-30;448;;;
118;6;109141146.38;2015-07-02;--;573;;;
130;6;276091431.13;2006-10-03;--;24;;;
132;6;307757640.63;1997-04-13;--;34;;;
134;6;162949577.01;1991-12-07;2003-07-22;160;;;
134;6;21310714.53;2004-06-27;--;771;;;
140;6;149997261.28;1994-01-04;--;273;;;
144;6;353596722.43;2007-09-07;--;55;;;
152;6;390877810.52;2006-07-08;--;33;;;
157;6;470684295.9;2014-08-23;--;1000;;;
158;6;111131872.49;1998-06-04;--;11;;;
2;7;352394669.79;2017-11-28;2017-12-09;772;;;
2;7;350333961.63;2018-01-29;--;977;;;
11;7;264432884.11;1997-01-05;--;295;;;
14;7;327130926.74;2015-01-26;--;589;;;
15;7;38708344.33;1995-03-21;2000-07-24;902;;;
15;7;91761608.29;2002-09-27;2002-12-02;837;;;
15;7;247240750.93;2003-05-28;--;566;;;
16;7;334291498.35;2003-06-24;--;770;;;
19;7;422078709.39;2003-10-02;--;968;;;
20;7;78619004.45;2016-06-23;--;975;;;
21;7;299280845.48;1998-01-11;2010-07-19;195;;;
21;7;5485436.29;2018-09-11;--;628;;;
23;7;496569997.06;2014-09-06;2018-10-16;642;;;
23;7;398552356.28;2020-03-11;--;228;;;
33;7;115682893.33;2011-12-06;--;196;;;
49;7;179860771.4;2000-10-05;2005-10-18;536;;;
49;7;359217229.83;2008-11-06;--;615;;;
50;7;247875447.05;2007-01-20;--;788;;;
53;7;437270080.15;2011-08-19;--;995;;;
59;7;493519144.53;1992-06-20;--;983;;;
67;7;305886378.01;1993-09-25;--;652;;;
70;7;478775438.84;1997-07-15;--;956;;;
73;7;195604757.21;1994-09-11;--;591;;;
74;7;146652400.82;1995-01-20;--;649;;;
81;7;485592623.58;2006-08-02;--;778;;;
88;7;65866771.23;1997-08-26;--;718;;;
90;7;325412278.65;2000-08-20;--;939;;;
107;7;19608257.17;1999-06-02;2002-07-12;215;;;
107;7;74540493.62;2004-01-31;--;224;;;
111;7;33074521.02;1995-01-20;--;404;;;
116;7;335245748.37;2011-10-11;--;312;;;
119;7;382861773.06;1998-12-02;--;75;;;
123;7;401008222.01;2020-02-15;--;101;;;
126;7;353897364.14;1997-11-25;--;441;;;
132;7;278733115.88;1994-01-23;--;391;;;
133;7;250544014.81;2016-07-30;--;768;;;
136;7;488167314.72;2000-11-22;--;625;;;
4;8;101321551.89;2013-03-07;--;286;;;
10;8;338954729.64;2011-02-13;--;629;;;
18;8;494368455.27;2005-10-26;--;503;;;
28;8;255904542.97;1995-11-19;--;920;;;
29;8;325436463.66;2004-07-11;--;917;;;
53;8;241821532.72;2011-11-14;--;621;;;
55;8;473954296.5;2003-02-04;--;619;;;
61;8;17898621.35;1997-08-13;--;550;;;
62;8;307353204.97;2007-12-16;--;611;;;
65;8;132424870.24;2000-08-25;--;588;;;
73;8;135598491.19;1994-02-15;--;238;;;
75;8;219527182.47;2015-11-03;--;297;;;
82;8;297375754.93;1996-03-06;--;296;;;
85;8;178516856.69;1994-08-08;--;691;;;
93;8;249122372.85;1992-10-08;--;10;;;
104;8;419605650.04;2004-04-09;--;29;;;
107;8;346688943.7;1998-03-24;--;891;;;
120;8;495685226.03;2008-02-25;--;940;;;
128;8;256703667.75;2010-08-08;--;53;;;
139;8;292810563.77;2003-10-18;--;568;;;
145;8;85881832.92;2019-10-22;2020-01-29;178;;;
145;8;349178020.2;2022-07-19;--;281;;;
146;8;312640933.64;2020-06-18;--;753;;;
1;9;493504270.84;2019-09-04;--;693;;;
2;9;328546302.51;1995-02-23;--;668;;;
4;9;297702075.76;2007-10-16;--;906;;;
6;9;493095284.54;2015-06-19;--;830;;;
9;9;37248483.44;2022-03-23;--;698;;;
15;9;329650558.07;1991-05-17;--;330;;;
17;9;139573027.52;1997-06-24;--;959;;;
18;9;270467482.87;1990-07-02;--;368;;;
46;9;326412420.29;2000-10-13;--;835;;;
58;9;488688592.33;2013-11-17;--;974;;;
61;9;412260432.85;2017-02-26;--;36;;;
66;9;237979773.22;2011-03-28;--;739;;;
68;9;135562756.01;2001-01-30;2010-01-30;113;;;
68;9;383539546.62;2019-06-19;--;796;;;
69;9;90285027.11;1999-11-21;--;892;;;
71;9;255253743.72;2001-06-11;--;517;;;
74;9;376985834.73;2004-01-09;--;353;;;
76;9;84982393.39;2014-03-30;--;477;;;
81;9;271786373.26;2008-03-26;2015-05-04;439;;;
81;9;444889848.19;2021-06-24;--;586;;;
97;9;83236734.96;1999-11-09;--;418;;;
101;9;443027418.22;2008-10-24;--;320;;;
106;9;431187094.4;2006-01-27;--;261;;;
108;9;252668384.7;2001-10-14;--;688;;;
111;9;236325738.4;2014-04-11;--;997;;;
123;9;218631962.68;1995-12-21;--;252;;;
136;9;407777841.17;2009-03-04;--;829;;;
139;9;140820083.21;2001-09-29;--;924;;;
142;9;392002410.33;2000-09-12;--;672;;;
144;9;131302792.06;2010-07-25;2011-02-10;161;;;
144;9;280041426.93;2013-03-14;--;669;;;
152;9;242309091.62;1990-05-05;--;955;;;
2;10;72648448.97;1996-05-10;--;45;;;
19;10;162768650.67;2004-08-03;--;834;;;
32;10;404625560.62;1999-11-26;--;459;;;
34;10;279644021.93;2009-08-01;--;383;;;
44;10;334863107.84;2017-03-01;--;398;;;
46;10;80928635.46;2019-06-01;--;596;;;
56;10;374583196.38;2004-10-05;--;604;;;
69;10;87333856.37;1999-12-25;--;557;;;
88;10;374640792.23;1990-05-04;--;808;;;
92;10;26645547.54;2011-06-15;--;942;;;
94;10;364241365.06;2021-05-14;--;131;;;
97;10;310238133.57;1991-12-06;--;20;;;
107;10;104313442.51;2009-05-03;--;142;;;
117;10;95216858.61;1998-11-26;--;852;;;
119;10;164029585.29;1993-12-19;2008-01-04;152;;;
119;10;354705179.38;2019-05-01;--;262;;;
128;10;15260969.76;2013-12-30;--;828;;;
133;10;359312575.45;2002-03-14;--;630;;;
136;10;163833397.67;2008-08-10;--;724;;;
139;10;43929479.52;1994-06-23;2000-07-13;910;;;
139;10;286009935.05;2019-09-05;--;4;;;
143;10;424172211.22;2011-05-11;--;181;;;
147;10;469825648.73;1995-12-27;--;420;;;
155;10;24927419.25;1994-12-20;--;257;;;
6;11;451820027.13;1990-04-06;--;479;;;
12;11;393284764.36;2012-07-18;--;602;;;
32;11;104814801.79;2010-03-11;--;971;;;
34;11;246594874.57;1999-09-04;--;461;;;
48;11;305331071.48;2004-05-21;--;361;;;
58;11;268139429.73;1990-10-15;--;18;;;
60;11;307761791.14;1999-11-03;--;704;;;
61;11;150988765.45;1998-03-01;2011-11-19;485;;;
61;11;156549365.2;2022-01-30;--;996;;;
65;11;142306087.72;1996-08-11;--;103;;;
66;11;204229196.15;1998-02-08;2000-04-01;962;;;
66;11;391079674.81;2011-07-24;--;91;;;
70;11;31163676.42;2020-06-15;--;22;;;
75;11;67471663.88;2020-02-27;--;437;;;
76;11;338350850.69;2004-10-14;--;727;;;
101;11;488373026.04;2005-06-05;--;519;;;
115;11;492782095.58;1996-07-02;--;806;;;
127;11;352192679.33;2012-03-19;--;515;;;
143;11;237000330.42;2013-11-17;--;794;;;
144;11;95681767.73;2013-11-17;--;263;;;
154;11;359576969.16;1994-04-07;--;28;;;
157;11;142621494.37;2006-03-22;--;935;;;
158;11;308686909.56;2005-04-25;--;564;;;
4;12;306497203.04;2018-05-24;--;599;;;
7;12;12469047.8;1994-06-27;--;992;;;
12;12;289720029.57;2015-03-28;--;32;;;
16;12;47137165.17;2014-06-01;--;792;;;
23;12;224307488.53;2003-05-07;--;116;;;
25;12;100808536.25;2012-11-05;--;373;;;
26;12;301490093.66;2004-01-28;--;83;;;
30;12;342327260.82;2004-09-08;--;832;;;
31;12;208631542.91;1991-02-23;--;709;;;
55;12;16030544.45;2010-09-18;--;502;;;
64;12;336673088.15;1990-02-07;--;863;;;
65;12;308095594.12;2000-02-25;--;74;;;
66;12;238903626.88;1991-07-30;--;388;;;
72;12;132208080.45;2021-10-06;--;233;;;
77;12;340923808.39;2010-05-09;--;242;;;
79;12;276346332.96;1990-05-16;--;637;;;
85;12;166426953.6;2000-11-25;2015-01-20;581;;;
85;12;77776052.61;2016-09-27;--;701;;;
88;12;242587641.23;1997-10-22;--;250;;;
94;12;261659955.2;2006-07-27;--;237;;;
100;12;24872235.12;2017-11-02;--;376;;;
101;12;269098036.59;2017-08-24;--;862;;;
103;12;60025843.81;1990-10-17;--;932;;;
107;12;125571822.07;2000-01-21;--;921;;;
117;12;415643088.64;1998-10-22;--;299;;;
128;12;452653086.96;2001-10-18;--;486;;;
137;12;53563406.28;1993-04-24;--;343;;;
138;12;463491365.14;2017-03-02;--;311;;;
141;12;215185273.15;2009-06-11;--;175;;;
154;12;116880788.95;2016-09-09;--;925;;;
157;12;245110773.14;2003-11-06;--;392;;;
6;13;330667892.62;1991-10-13;2015-12-27;857;;;
6;13;167495435.41;2022-01-03;--;656;;;
7;13;181397832.07;2001-05-03;--;447;;;
8;13;329460983.56;1997-04-21;--;514;;;
12;13;114337594.42;2016-06-28;--;802;;;
20;13;389765388.27;2008-04-30;--;97;;;
35;13;92960018.14;2011-03-06;--;531;;;
39;13;362639739.23;2019-01-18;--;679;;;
46;13;325193582.3;1993-09-18;--;467;;;
61;13;404163821.43;2006-12-14;--;554;;;
68;13;273627239.76;2005-04-20;--;657;;;
73;13;137334613.13;2013-05-01;--;928;;;
74;13;433180489.46;1993-09-26;--;121;;;
78;13;89893210.49;1998-02-06;--;328;;;
84;13;344719336.78;2009-08-23;2016-01-11;469;;;
84;13;177735961.41;2022-07-30;--;42;;;
89;13;449969044.39;1996-07-06;--;149;;;
92;13;243429556.03;2009-11-18;--;389;;;
95;13;398574194.64;2003-01-27;--;163;;;
97;13;128186161.65;2016-07-29;--;86;;;
100;13;322667314.17;2017-11-25;--;68;;;
101;13;53578344.56;2008-04-26;--;759;;;
102;13;444475828.86;2009-06-06;--;319;;;
111;13;262982103.12;1999-09-28;--;111;;;
112;13;111003013.56;1998-05-18;2003-07-18;569;;;
112;13;319950601.31;2008-05-11;--;620;;;
114;13;71607209.4;2008-05-21;--;225;;;
116;13;370107849.15;2001-09-16;--;174;;;
132;13;269746990.16;2008-05-13;--;194;;;
141;13;455497737.42;2002-07-17;--;979;;;
143;13;451741921.13;2014-05-01;--;632;;;
145;13;155039287.69;2016-10-27;--;129;;;
156;13;480448714.88;1996-08-03;--;696;;;
4;14;395063077.03;2015-02-02;--;127;;;
7;14;292018864.21;1992-11-03;--;110;;;
13;14;465017510.93;2016-06-15;--;889;;;
21;14;225009315.36;2000-04-14;2014-05-06;272;;;
21;14;255286144.93;2021-08-02;--;198;;;
22;14;427385322.13;2005-04-14;--;403;;;
29;14;280516518.28;2000-06-23;--;980;;;
36;14;384646946.77;2009-06-13;--;799;;;
37;14;58579546.53;2012-01-08;--;908;;;
44;14;219143802.79;2009-10-15;--;682;;;
46;14;417193067.86;2015-10-07;--;966;;;
47;14;334587595.47;2016-01-15;--;342;;;
48;14;10202912.02;1991-10-08;--;716;;;
50;14;390106483.33;2018-12-02;--;473;;;
63;14;130303130.25;1995-02-21;2022-02-07;266;;;
63;14;182378997.85;1998-03-08;--;855;;;
66;14;430952228.25;2000-11-17;--;457;;;
82;14;418690762.88;2007-08-04;--;240;;;
92;14;438417500.06;2011-06-19;--;274;;;
101;14;372944685.63;1996-05-18;--;527;;;
104;14;69863673.63;1995-06-07;1998-04-07;549;;;
104;14;32873629.41;2022-02-04;--;396;;;
108;14;50154844.82;1995-01-14;2004-08-26;713;;;
108;14;91713985.32;2020-01-01;--;776;;;
111;14;167481660.81;2005-09-12;2006-12-30;576;;;
111;14;437386492.91;2009-05-16;--;346;;;
112;14;171273601.95;2010-01-08;--;861;;;
113;14;346758959.92;2012-08-11;--;291;;;
124;14;175301553.19;2016-10-25;--;969;;;
126;14;444916597.58;2007-04-01;--;560;;;
129;14;80123615.81;2013-10-04;--;590;;;
135;14;433431138.08;1993-06-18;--;278;;;
139;14;230245369.55;1990-12-06;--;365;;;
148;14;341059422.4;1996-12-17;--;803;;;
158;14;465501836;1995-02-16;--;498;;;
6;15;20920147.33;2011-01-07;--;176;;;
8;15;188235841.58;1992-05-05;--;722;;;
18;15;333805207.24;2003-08-08;--;340;;;
27;15;122227570.63;2005-02-01;--;526;;;
31;15;9030240.55;2008-12-27;--;845;;;
36;15;309296090.84;1992-07-01;2002-08-12;933;;;
36;15;269094319.45;2004-02-18;--;929;;;
42;15;275553284.75;2018-10-05;--;359;;;
49;15;263335253.28;1990-12-30;--;47;;;
55;15;230081983.97;2004-10-01;--;671;;;
62;15;142389257.18;1992-07-15;--;821;;;
63;15;421268502.19;2007-11-16;--;973;;;
78;15;497927701.24;2011-01-04;--;767;;;
80;15;222455295.41;1993-09-29;--;593;;;
81;15;231594839.87;2000-01-05;--;639;;;
86;15;139613060.52;1993-09-20;--;972;;;
88;15;165298162.39;2002-10-02;--;144;;;
90;15;452527222.52;1997-09-24;--;27;;;
97;15;86182051.97;1999-02-20;2005-03-27;369;;;
97;15;238995931.78;2014-09-29;--;725;;;
105;15;254993162.43;2001-01-02;--;926;;;
112;15;402785400.98;1993-03-02;--;683;;;
114;15;97608380.85;1997-05-03;--;874;;;
118;15;38900419.54;2014-11-16;--;864;;;
126;15;132840589.32;2014-05-07;--;154;;;
131;15;438404905.18;2009-12-14;--;431;;;
143;15;356221856.76;1996-11-27;--;732;;;
149;15;3919191.98;1992-10-08;--;435;;;
11;16;356623546.33;2017-05-02;--;449;;;
13;16;407275624.46;2009-10-28;--;94;;;
22;16;429278954.53;2021-02-27;--;335;;;
32;16;167305208.88;1992-02-09;--;826;;;
49;16;12713666.08;1990-06-16;2029-11-04;165;;;
49;16;229306231.62;2003-08-21;--;867;;;
58;16;163588858.86;1996-02-17;--;133;;;
61;16;372681872.7;2019-08-16;--;612;;;
62;16;256267835.86;2021-09-30;--;98;;;
76;16;271799606.68;2005-02-15;--;358;;;
78;16;297590912.36;2012-10-06;--;458;;;
86;16;380043050.12;2014-01-26;--;339;;;
101;16;316546963.43;2000-01-30;--;715;;;
105;16;468893413.67;2006-04-12;--;277;;;
112;16;201718349.61;2018-06-09;--;987;;;
113;16;485075578.49;2020-06-17;--;476;;;
115;16;283148016.62;2019-10-13;--;125;;;
117;16;461799729.01;1990-02-28;--;813;;;
134;16;301612712.66;2009-06-03;--;631;;;
139;16;390081609.12;1995-09-09;--;17;;;
150;16;300376859.98;1992-09-10;--;351;;;
156;16;417283146.24;2013-12-04;--;817;;;
4;17;366604474.64;2016-08-12;--;853;;;
5;17;285370652.04;2005-10-25;--;570;;;
8;17;448895841.4;1994-08-14;--;492;;;
12;17;202102922.25;1993-02-04;--;904;;;
18;17;73545783.28;2015-02-26;--;750;;;
28;17;310915325.06;1991-08-26;--;284;;;
34;17;303729744.24;2010-02-24;2012-09-06;786;;;
34;17;103963084.91;2015-03-30;--;40;;;
37;17;290936722.6;2011-03-21;--;25;;;
39;17;247743524.39;1995-04-24;--;993;;;
40;17;433046536.39;2005-03-19;--;436;;;
42;17;169304159.78;2004-03-03;--;780;;;
47;17;330519463.92;2012-05-13;--;763;;;
64;17;393362102.86;1995-04-22;--;506;;;
65;17;402023379.08;1999-06-09;--;729;;;
73;17;154716445.36;2014-03-12;--;65;;;
76;17;192041243.4;2020-08-27;--;840;;;
77;17;305216998.16;2013-05-03;--;350;;;
78;17;99941460.51;2022-06-08;--;712;;;
79;17;235732094.2;2013-02-25;--;413;;;
86;17;397040108.01;1997-10-09;--;443;;;
91;17;210073981.53;2004-02-02;--;183;;;
92;17;345766437.53;2001-06-16;--;841;;;
98;17;430390626.48;2019-05-14;--;122;;;
101;17;265431661.07;2020-05-27;--;230;;;
104;17;334868104.15;2019-04-18;--;964;;;
118;17;257084012.05;2019-04-06;--;957;;;
121;17;167795827.79;1996-12-15;--;289;;;
125;17;152315170.06;2004-03-21;--;206;;;
138;17;202474955.32;1996-04-15;--;504;;;
143;17;362744632.27;2007-03-22;--;822;;;
149;17;291011227.41;2006-07-04;--;790;;;
150;17;436020606.93;2015-09-30;2017-03-26;106;;;
150;17;333311704.68;2019-03-09;--;259;;;
154;17;4397297.34;2021-02-15;--;773;;;
157;17;377786675.53;1992-10-25;--;279;;;
4;18;336429059.61;2007-01-29;--;860;;;
13;18;360726089.52;1995-01-12;1995-12-22;433;;;
13;18;470754649.74;1996-12-29;--;965;;;
18;18;465756463.64;2010-09-29;--;827;;;
23;18;9045853.15;2004-04-27;--;651;;;
25;18;87200910.14;2008-06-11;--;381;;;
26;18;217163155.51;2018-07-19;--;635;;;
41;18;227712915.39;2019-04-26;--;56;;;
42;18;469420459.74;2020-08-24;--;243;;;
45;18;249451268.05;1997-09-16;1998-12-03;787;;;
45;18;463838764.27;2021-09-15;--;481;;;
50;18;17471793.37;1997-05-29;--;600;;;
63;18;146586111.97;1994-07-16;--;858;;;
79;18;419324433.34;2001-01-06;--;984;;;
83;18;18887883.89;2013-12-30;--;755;;;
85;18;274097018.08;2000-12-28;--;791;;;
86;18;29785315.23;2010-12-08;--;334;;;
92;18;463900660.26;1997-03-27;--;687;;;
99;18;242509149.5;2005-08-09;--;751;;;
115;18;291884423.18;2017-02-04;--;525;;;
130;18;242435522.1;1999-02-18;--;186;;;
131;18;405202850.97;1996-05-26;--;887;;;
134;18;464660187.49;2002-08-10;--;497;;;
139;18;47978305.96;2018-04-16;--;192;;;
142;18;282261503.08;2001-03-30;--;348;;;
145;18;237060629.14;2012-10-07;--;854;;;
149;18;226219707.57;2009-10-30;--;941;;;
155;18;425502550.24;2013-12-29;--;626;;;
159;18;327543306.73;2006-10-28;--;465;;;
6;19;299956398.56;1998-03-21;--;848;;;
16;19;177615569.86;1997-11-06;--;960;;;
18;19;399825040.9;1999-09-11;--;81;;;
19;19;392466380.23;2014-05-11;--;529;;;
25;19;6730071.67;2001-08-17;2001-11-01;185;;;
25;19;399430302.75;2002-12-18;--;728;;;
27;19;44479446.77;2008-05-11;2015-09-17;511;;;
27;19;169391137.01;2018-03-21;--;77;;;
32;19;478226775.39;2001-04-03;--;134;;;
37;19;214167790.58;2009-02-09;--;3;;;
42;19;239341860.73;1998-11-28;--;584;;;
45;19;99282383.73;2009-08-16;--;382;;;
57;19;255736061.86;1990-01-29;--;545;;;
58;19;20454502.78;2002-07-02;--;592;;;
60;19;358895093.42;2008-05-14;--;397;;;
62;19;247649893.38;2010-01-15;--;141;;;
63;19;370483406.96;2020-08-29;--;455;;;
66;19;282146840.72;1996-07-12;2001-08-17;290;;;
66;19;256519023.1;2000-01-30;--;13;;;
67;19;62638107.21;2001-07-22;--;50;;;
69;19;153595018.03;2017-09-10;--;71;;;
77;19;180110632.54;2016-12-29;2018-12-23;760;;;
77;19;44894182.94;2022-03-12;--;847;;;
83;19;87714837.81;2005-06-15;--;179;;;
84;19;97687281.54;2003-08-26;--;749;;;
96;19;65568682.74;2000-10-09;--;856;;;
109;19;277644160.63;2020-11-21;--;583;;;
137;19;268127510.1;1990-05-14;--;833;;;
150;19;229598258.63;2017-11-24;--;251;;;
154;19;340847780.66;2005-06-13;--;963;;;
5;20;172114879.6;1992-09-14;--;882;;;
7;20;98506195.46;2011-03-28;--;670;;;
9;20;70568887.41;2008-07-22;--;401;;;
12;20;350848155.13;1991-09-07;--;287;;;
24;20;240976235.62;2022-04-08;--;374;;;
26;20;352722590.69;2003-04-18;--;804;;;
29;20;290713892.94;1994-12-05;--;533;;;
38;20;261432300.02;2008-02-11;--;378;;;
42;20;222251147.67;2011-05-02;--;484;;;
64;20;229796083.49;1993-02-14;--;269;;;
88;20;324832962.31;2011-12-19;--;432;;;
90;20;4449738.86;1993-03-12;--;355;;;
93;20;194825710.39;1990-12-13;--;761;;;
95;20;292018589.56;2014-06-17;--;888;;;
97;20;276032364.88;2011-11-24;--;244;;;
99;20;263337215.14;2016-06-30;--;978;;;
100;20;296003950.85;2013-10-11;--;139;;;
107;20;168492650.87;2021-02-15;--;951;;;
108;20;400693384.19;2012-05-17;--;757;;;
113;20;179259828.62;2006-11-28;--;758;;;
131;20;484979978.89;2005-10-03;--;304;;;
134;20;440800820.75;2011-03-07;--;680;;;
147;20;198671691.73;2007-09-16;--;412;;;
152;20;327413122.86;2021-10-07;--;849;;;
157;20;475840993.03;2000-12-29;--;390;;;
158;20;489630075.05;2013-03-26;--;707;;;
3;21;278113357.11;2017-03-26;--;69;;;
11;21;417846342.73;1996-06-03;--;231;;;
13;21;323268407.99;1997-09-19;--;664;;;
19;21;367624379.15;1993-03-04;--;512;;;
24;21;350363368.58;1998-07-26;1998-12-03;164;;;
24;21;221522758.27;1999-07-15;--;310;;;
34;21;170985757.04;2020-02-21;--;699;;;
36;21;131039998.42;1992-04-09;--;697;;;
38;21;474814001.85;2009-05-27;--;145;;;
48;21;158391394.68;2018-07-25;--;851;;;
70;21;28111750.13;2004-11-13;--;102;;;
92;21;171348183.44;1991-09-02;--;460;;;
96;21;322110322.29;1990-05-20;--;708;;;
104;21;230206547.63;2009-10-31;--;532;;;
106;21;189148707.63;1991-11-03;--;221;;;
107;21;47653794.55;2015-01-27;--;777;;;
112;21;358703470.15;2002-02-01;--;220;;;
116;21;24215967.63;2017-07-27;--;48;;;
117;21;492195292.67;2001-12-12;--;72;;;
119;21;142837512.94;2006-08-14;--;491;;;
120;21;178582285.79;2009-11-14;--;294;;;
124;21;328561261.24;2010-11-09;--;180;;;
129;21;14686950.87;2011-03-12;--;239;;;
131;21;458566091.21;1990-06-30;--;748;;;
139;21;235873134.4;1994-07-08;--;686;;;
143;21;471583286.27;2003-12-19;--;16;;;
155;21;21676104.28;1993-02-18;--;797;;;
1;22;261216273.09;2016-04-23;--;578;;;
2;22;281227852.55;2011-08-02;--;884;;;
3;22;70945818.73;2006-01-19;--;825;;;
10;22;470795865.71;2015-07-20;--;37;;;
23;22;394062714.42;2013-12-24;--;336;;;
28;22;289896505.9;2003-10-03;--;567;;;
33;22;123597157.49;2007-03-24;2009-03-12;645;;;
33;22;120058260.19;2017-03-03;--;673;;;
34;22;373567892;1992-03-25;--;774;;;
37;22;341199128.6;2002-08-17;--;903;;;
50;22;274738247.38;2002-01-21;--;617;;;
57;22;284433869.83;1997-08-22;--;130;;;
69;22;439065071.99;2021-02-20;--;468;;;
81;22;399575930.07;2016-01-07;--;846;;;
88;22;287712417.97;2009-05-04;--;598;;;
89;22;396927543.91;2019-07-26;--;191;;;
93;22;391083483.97;1995-09-03;--;740;;;
97;22;144885102.24;2011-04-16;--;124;;;
108;22;368988965.98;2007-11-11;2009-06-12;785;;;
108;22;282277015.07;2013-02-04;--;873;;;
113;22;9701075.93;1992-03-24;--;67;;;
120;22;90294064.02;2008-12-04;--;247;;;
125;22;481453829.83;2022-07-03;--;667;;;
126;22;432843873.23;2006-08-29;--;900;;;
138;22;249176817.13;1991-10-02;--;595;;;
139;22;448870546.61;1990-12-07;--;426;;;
145;22;18056740.61;2009-05-15;--;380;;;
148;22;207438977.5;2003-09-28;--;919;;;
150;22;282281481.59;2005-10-29;--;135;;;
156;22;309639849.97;2012-11-03;--;726;;;
158;22;135631285.32;2012-04-12;--;202;;;
9;23;464059993.16;1999-10-14;--;548;;;
12;23;442386435.24;2004-05-27;--;434;;;
15;23;179588930.17;1995-04-11;1997-07-13;119;;;
15;23;438208689.45;1999-03-11;--;490;;;
16;23;415543981.48;1994-02-09;--;648;;;
18;23;429880554.91;2012-07-13;--;471;;;
19;23;243652108.93;2017-05-12;--;306;;;
27;23;29313144.94;2008-03-21;--;970;;;
40;23;369089761.73;1993-02-01;--;911;;;
55;23;436588909.41;2007-02-13;2010-04-21;446;;;
55;23;166577676.91;2011-05-20;--;702;;;
56;23;149569877.25;2000-07-12;--;146;;;
57;23;172077607.56;2004-05-18;--;87;;;
58;23;243301982.07;2014-03-14;--;613;;;
62;23;89249440.99;2001-03-08;--;450;;;
64;23;83482792.74;2015-02-23;--;594;;;
68;23;199756104.71;2022-07-21;--;496;;;
71;23;93730006.91;2005-11-23;--;859;;;
91;23;474275815.27;2019-04-13;--;875;;;
93;23;73594705.4;2009-05-30;--;362;;;
105;23;340641184.02;1998-07-02;--;883;;;
109;23;55229323.78;1996-01-30;2000-07-04;303;;;
109;23;124164197.99;2003-03-05;2005-12-28;210;;;
109;23;36090654.28;2011-11-24;--;54;;;
117;23;224467014.06;1992-07-21;--;510;;;
126;23;210119808.78;2007-10-13;--;844;;;
131;23;281489026.84;1999-11-28;--;483;;;
134;23;61521475.19;1996-07-19;--;877;;;
136;23;189528178.7;2007-05-20;--;623;;;
137;23;296486204.38;1992-10-12;1993-12-04;329;;;
137;23;58678169.2;1993-05-02;--;466;;;
144;23;432586730;1991-08-07;--;385;;;
158;23;188439939.83;1993-01-14;--;930;;;
9;24;257787720.57;1993-10-08;--;211;;;
17;24;308210340.36;2005-07-16;--;453;;;
27;24;345059071.82;2016-12-25;--;936;;;
46;24;124555487.38;2003-10-19;--;105;;;
53;24;426427379.83;2001-05-11;--;899;;;
56;24;475678320.81;2020-03-07;--;126;;;
58;24;242793305.38;2007-05-18;--;509;;;
67;24;171971495.31;1998-07-26;--;633;;;
71;24;51672354.76;2018-05-18;--;998;;;
83;24;363471495.03;1991-07-05;1991-08-04;114;;;
83;24;16288566.25;1991-09-06;--;326;;;
95;24;129712148.96;1994-02-07;--;246;;;
106;24;436048544.87;2018-02-05;--;59;;;
108;24;370364413.78;1992-05-11;--;487;;;
120;24;381815477.22;2005-04-07;--;63;;;
126;24;306624003.92;1994-01-23;--;952;;;
130;24;130032968.55;2012-01-28;2015-09-21;869;;;
130;24;262631053.54;2021-09-30;--;575;;;
144;24;314030641.21;2011-05-13;--;735;;;
150;24;161862046.62;2020-07-19;--;516;;;
158;24;228738273.74;2005-08-24;--;354;;;
159;24;101073050.09;2000-11-29;--;352;;;
8;25;274127305.46;2021-06-27;--;95;;;
14;25;491362276.76;2010-06-08;--;814;;;
17;25;166661022.98;2010-06-09;--;660;;;
25;25;296064599.96;2021-10-18;--;347;;;
27;25;474167147.23;2011-11-24;--;454;;;
28;25;394241001.33;2020-07-22;--;23;;;
38;25;384523971.79;2000-09-13;--;399;;;
42;25;265963595.17;1996-02-22;--;464;;;
57;25;164119635.78;2020-10-13;--;123;;;
58;25;165486779.55;2014-02-17;--;800;;;
67;25;143890288.03;1998-10-14;--;147;;;
68;25;151118588.69;2006-04-25;--;21;;;
71;25;87606689.34;2007-02-11;2009-07-13;986;;;
71;25;420727500.74;2010-12-10;--;93;;;
72;25;417902651.5;2012-05-12;--;96;;;
87;25;294401671.37;2020-09-26;--;314;;;
95;25;66431930.5;1993-10-31;--;819;;;
100;25;405485002.94;1994-03-03;1997-05-29;661;;;
100;25;225417451.21;1998-11-03;2001-10-27;155;;;
100;25;130529275.06;2003-09-01;--;585;;;
113;25;214896335.66;2012-12-14;--;199;;;
119;25;228225743.51;2016-11-18;--;914;;;
122;25;91050705.52;2004-04-20;2010-04-20;694;;;
122;25;199476049.84;2009-01-16;--;43;;;
137;25;357034818.87;1996-01-17;--;31;;;
139;25;487169160.03;2000-06-17;--;200;;;
149;25;45814549.74;2002-02-23;--;634;;;
153;25;114168532.4;1999-07-12;1999-11-13;775;;;
153;25;308603335.77;2001-05-12;--;922;;;
156;25;33353808.86;1993-03-13;--;356;;;
4;26;354048419.97;1992-06-17;--;665;;;
13;26;286722383.28;1993-09-15;--;70;;;
15;26;73165679.48;2019-12-24;--;209;;;
20;26;102745023.49;1992-01-12;--;990;;;
22;26;420464533.06;1997-10-01;--;64;;;
31;26;331785963.68;2005-09-24;--;151;;;
32;26;69035108.66;1990-12-06;--;150;;;
35;26;499696250.87;1990-07-25;--;156;;;
41;26;20991042.12;1991-04-23;--;197;;;
52;26;192561064.77;1998-12-08;--;754;;;
55;26;111398481.79;2015-11-11;--;616;;;
57;26;314336166.78;1999-10-31;--;659;;;
59;26;38359387.89;1994-09-08;--;582;;;
65;26;466414005.65;1993-07-17;--;736;;;
66;26;97236934.97;1998-11-10;--;425;;;
68;26;428488361.72;1991-05-22;2012-11-10;744;;;
68;26;68879965.3;2015-12-24;--;327;;;
71;26;323662479.71;1995-02-22;--;205;;;
79;26;322077339.24;2003-06-21;--;523;;;
89;26;463300902.3;2002-01-24;--;640;;;
96;26;245539184.22;2006-02-12;--;395;;;
104;26;102084285.07;2014-06-05;--;893;;;
107;26;224721162.8;2011-08-20;--;610;;;
108;26;209476755.42;2013-05-14;--;408;;;
109;26;318838420.25;1990-05-12;--;658;;;
114;26;105072567.52;2004-07-13;--;293;;;
118;26;299247990.7;2009-08-14;--;810;;;
120;26;487041300.73;2015-08-30;--;140;;;
132;26;126791786.09;2011-12-04;--;223;;;
145;26;351047396.25;2020-12-18;--;360;;;
148;26;171217424.46;2011-03-14;--;937;;;
151;26;421212388.37;1997-12-03;--;931;;;
153;26;69970538.98;1998-05-10;--;300;;;
2;27;10683838.76;2009-05-22;--;500;;;
9;27;476226992.16;1997-06-27;--;414;;;
21;27;493716503.03;1990-11-03;--;866;;;
33;27;127294768.21;2006-08-03;--;316;;;
39;27;80685765.03;2008-03-28;--;897;;;
46;27;478044203.21;2011-03-01;--;325;;;
50;27;292293213.83;2016-01-13;--;522;;;
54;27;71522488.66;2021-02-13;--;495;;;
55;27;126070549.82;2001-03-02;2011-07-24;193;;;
55;27;130407748.4;2016-01-10;--;226;;;
57;27;42172538.38;2020-02-27;--;943;;;
59;27;112994128.41;2016-03-10;2016-04-27;624;;;
59;27;231801300.57;2016-05-03;--;894;;;
66;27;379330419.95;1998-12-18;--;258;;;
83;27;208520016.54;1999-11-19;--;499;;;
85;27;473618378.06;2015-09-01;--;865;;;
93;27;119269290.45;2002-09-08;--;795;;;
96;27;48530259.7;2021-07-03;--;934;;;
101;27;75795477.83;2016-02-27;--;302;;;
106;27;82312144.7;2016-04-22;--;823;;;
107;27;397213227.59;1993-05-10;--;644;;;
109;27;335489058.91;2015-12-05;--;913;;;
115;27;246654526.38;2011-10-12;--;9;;;
116;27;405198512.72;2002-03-04;2005-09-05;801;;;
116;27;404313464.48;2009-01-10;--;842;;;
120;27;80437799.76;2009-04-21;--;872;;;
125;27;262612757.12;2015-03-29;--;475;;;
128;27;209290080.6;2014-12-20;--;783;;;
133;27;248062987.43;2006-06-13;--;898;;;
143;27;475412255.47;2019-04-18;--;982;;;
148;27;425526957.86;2006-04-26;--;386;;;
151;27;163425934.76;1991-10-25;--;337;;;
157;27;74826022.55;2006-08-05;--;331;;;
2;28;212094949.94;2010-05-25;--;19;;;
5;28;62888701.22;2003-02-07;--;524;;;
7;28;232465565.37;1997-03-04;--;159;;;
14;28;101156710.32;2013-10-09;--;638;;;
17;28;236950627.09;1997-02-08;--;820;;;
19;28;343797492.85;2016-06-22;--;765;;;
20;28;323443181.07;2020-09-29;--;981;;;
24;28;373548874.79;2009-09-18;--;204;;;
27;28;79834849.34;1993-07-21;--;646;;;
32;28;422867999.09;2015-03-17;--;39;;;
34;28;321974718.97;2014-07-05;--;689;;;
43;28;152631647.22;1999-09-07;--;253;;;
45;28;54242821.97;1998-09-16;--;915;;;
50;28;428887555.24;1992-04-23;2004-11-12;655;;;
50;28;106062859.67;2005-05-11;--;409;;;
53;28;234405940.54;2009-11-01;--;292;;;
58;28;164495957.61;2003-11-28;--;836;;;
59;28;200059471.83;1992-01-23;2000-03-17;571;;;
59;28;5507960.59;2013-05-26;--;731;;;
65;28;171972144.53;2004-09-06;--;187;;;
87;28;138101657.37;2004-03-02;--;552;;;
95;28;282151065.35;2009-10-15;--;255;;;
96;28;363829196.52;1996-12-05;--;405;;;
112;28;447596936.01;1996-07-03;--;508;;;
115;28;69095833.3;2008-03-21;--;99;;;
116;28;238988444.75;1998-06-25;--;112;;;
117;28;382720941.52;2020-04-25;--;108;;;
119;28;242150486.95;1999-08-06;--;308;;;
124;28;153525823.69;2005-10-04;--;816;;;
133;28;95137225.51;2017-08-29;--;73;;;
135;28;300861960.45;2010-09-17;--;489;;;
142;28;70323256.47;1999-11-08;--;782;;;
149;28;163619345.84;1996-02-13;2002-03-25;128;;;
149;28;439303297.21;2006-01-08;--;136;;;
151;28;407465547.74;1992-12-23;--;411;;;
1;29;464566651.52;2006-07-21;--;742;;;
6;29;223904344.12;2011-12-09;--;666;;;
8;29;274800784.46;2013-10-10;--;118;;;
9;29;189864852.79;2000-02-27;--;989;;;
14;29;226333088.91;2016-12-24;2018-12-29;38;;;
14;29;365080026.51;2021-02-14;--;789;;;
17;29;266886707.59;1999-10-08;--;587;;;
28;29;92551473.09;2009-08-10;--;167;;;
32;29;12496260.52;2003-08-25;--;248;;;
33;29;203355088.81;2001-03-23;--;288;;;
34;29;159466309.28;2009-12-04;--;162;;;
38;29;457305613.66;1998-05-19;--;501;;;
44;29;315847567.38;2013-09-23;--;444;;;
51;29;94018544.27;1990-01-21;--;881;;;
52;29;197882297.46;2005-12-20;--;923;;;
60;29;85781151.27;1993-05-08;--;831;;;
66;29;31387604;2016-02-21;--;839;;;
70;29;428697438.39;2001-09-26;--;577;;;
72;29;318717198.23;2015-06-15;--;26;;;
79;29;467173491.99;1997-07-03;--;546;;;
87;29;375235965.85;2016-02-08;--;222;;;
92;29;249353116.62;2020-10-23;--;985;;;
94;29;293187607.56;2005-03-04;2009-06-15;756;;;
94;29;25269872.25;2010-12-16;2017-04-25;605;;;
94;29;391113396.08;2021-09-23;--;213;;;
97;29;115669184.03;2004-07-15;--;805;;;
99;29;397901786.85;1995-12-04;--;654;;;
103;29;193284042.16;1990-07-22;--;781;;;
105;29;163412962.28;2009-02-09;--;429;;;
112;29;436972568.62;2019-02-11;--;264;;;
114;29;318297841.01;1993-12-06;--;227;;;
118;29;43119798.16;2001-03-14;--;402;;;
119;29;236752547.79;1990-02-24;2016-10-28;115;;;
119;29;33037375.62;2017-10-04;--;890;;;
130;29;111001857.31;2002-11-25;--;265;;;
138;29;362007831.95;1994-08-29;--;947;;;
139;29;159024140.79;2017-02-10;2018-12-22;793;;;
139;29;163674578.76;2020-11-01;--;275;;;
143;29;351740620.46;2018-09-02;--;558;;;
155;29;68165152.99;2006-04-09;--;463;;;
156;29;26826661.4;2001-07-25;--;627;;;
159;29;207384470.95;2014-06-15;--;338;;;
1;30;184337549.77;1999-02-25;2000-12-24;741;;;
1;30;133953972.87;2002-01-09;--;811;;;
2;30;86657974.49;2001-01-12;--;953;;;
4;30;406121422.05;1997-04-22;--;370;;;
9;30;256566695.8;2018-08-05;--;784;;;
16;30;420905347.78;2013-06-11;2013-11-08;535;;;
16;30;408030449.32;2015-01-25;--;371;;;
17;30;70170451.87;1999-09-25;2001-11-03;528;;;
17;30;473283499.46;2013-01-12;--;282;;;
21;30;294168280.03;2009-06-05;--;521;;;
34;30;70193703.47;2018-01-21;--;201;;;
35;30;274714243.38;2018-06-25;--;946;;;
47;30;438692973.86;1997-12-06;--;556;;;
49;30;402345314.95;1999-08-29;2000-12-15;372;;;
49;30;285050716.13;2002-10-16;--;678;;;
53;30;490968889.12;2015-11-20;--;641;;;
57;30;337211708.09;2001-11-04;--;958;;;
60;30;398041402.18;2008-01-29;--;51;;;
74;30;347358689.76;2014-12-15;--;961;;;
85;30;238058787.54;1998-07-09;--;607;;;
86;30;498548585.35;1993-05-11;--;452;;;
90;30;369120088.15;2006-01-18;--;415;;;
94;30;150211208.08;2005-11-02;--;49;;;
102;30;411444005.47;1995-06-05;--;544;;;
113;30;307687913.71;2011-05-24;--;271;;;
115;30;380309803.96;2002-06-09;--;886;;;
117;30;466444555.37;1994-03-20;2005-07-20;137;;;
117;30;23649517.34;2012-05-16;--;559;;;
119;30;134788972.49;2018-04-23;--;766;;;
137;30;123227140.66;2006-03-28;2007-01-25;762;;;
137;30;102448971.45;2009-02-27;--;948;;;
138;30;379555408.27;1990-07-14;--;440;;;
141;30;210290630.04;2019-07-25;--;618;;;
147;30;453566737.47;1998-09-30;--;769;;;
156;30;310336371.44;2010-04-24;--;66;;;
4;31;297417892.23;1990-12-31;--;333;;;
12;31;461923628.35;1993-10-15;--;991;;;
15;31;108501735.81;2002-06-02;--;870;;;
17;31;226739720.19;2008-10-11;--;182;;;
24;31;386718511.5;1994-06-28;2010-10-15;236;;;
24;31;415619053.96;2014-03-04;2017-07-24;752;;;
24;31;182910887.34;2019-10-08;--;305;;;
29;31;73140052.87;1998-12-02;--;379;;;
30;31;157294417.72;1992-03-01;--;417;;;
32;31;415690048.9;2000-02-20;--;636;;;
38;31;32789264.66;2005-08-27;--;406;;;
44;31;134816945.28;2017-06-02;--;685;;;
47;31;403361601.08;2002-05-22;--;307;;;
49;31;493959101.13;2010-05-21;--;345;;;
50;31;345935622.47;2011-07-23;--;445;;;
52;31;286841359.26;1996-03-28;--;52;;;
54;31;188686461.88;2019-11-28;--;88;;;
57;31;103434848.2;2019-01-07;--;838;;;
59;31;327773579.27;1997-11-15;--;764;;;
61;31;277316309.44;1996-06-13;--;387;;;
64;31;403937820.92;2013-01-11;--;480;;;
66;31;475908072.39;2003-08-14;--;375;;;
84;31;36954719.96;2000-08-10;--;513;;;
85;31;313062721.63;2019-12-30;--;189;;;
88;31;125008661.83;2012-11-20;--;207;;;
92;31;475449043.27;2005-09-19;--;309;;;
93;31;308370569.5;2010-02-20;--;35;;;
95;31;399575096.58;2014-08-25;--;675;;;
96;31;57076945.36;2012-04-16;--;384;;;
101;31;18598411.27;2002-09-28;--;684;;;
104;31;62972937.24;2010-08-29;--;720;;;
115;31;179003496.58;2016-02-20;--;366;;;
121;31;443218864.43;2001-07-31;--;543;;;
130;31;234399807.5;1992-03-02;--;2;;;
159;31;189845293.7;1998-12-10;--;967;;;
33;32;307930254.59;2002-01-26;--;723;;;
39;32;183893481.47;2014-10-26;--;868;;;
45;32;492619760.76;1994-10-03;--;218;;;
49;32;226274429.99;2016-03-10;--;451;;;
62;32;64851252.84;2009-07-27;--;927;;;
65;32;174759263.04;1997-08-15;2011-12-14;695;;;
65;32;443898266.87;2020-08-03;--;58;;;
70;32;124221100.92;2016-08-31;--;256;;;
71;32;68783328.66;2013-08-12;--;812;;;
81;32;272179811.1;2016-05-11;--;876;;;
84;32;156754958.48;1995-11-20;--;798;;;
91;32;82978328.37;1990-10-20;--;954;;;
102;32;385779385.42;1995-01-07;--;229;;;
113;32;230898308.18;2002-03-10;--;663;;;
119;32;460382225.94;2002-07-26;--;779;;;
120;32;498061028.31;1991-04-05;--;78;;;
122;32;347253239.97;2001-08-25;--;14;;;
140;32;119550593.36;1993-05-15;--;203;;;
145;32;345112993.27;1999-05-28;2000-05-30;703;;;
145;32;35004397.48;2002-04-12;--;235;;;
152;32;59105802.1;1991-09-14;2007-03-30;424;;;
152;32;283680052.5;2021-03-30;--;597;;;
155;32;297964315.21;2009-03-06;--;945;;;
157;32;270546988.41;2005-02-07;--;534;;;
1;33;91515204.97;2005-11-17;--;214;;;
3;33;189180636.9;2008-04-13;2010-01-30;407;;;
3;33;424629516.43;2021-08-01;--;428;;;
9;33;230520344.69;2012-01-07;--;61;;;
15;33;283888311.24;2003-05-15;--;422;;;
33;33;173809373.35;2004-04-21;--;542;;;
37;33;222900468.37;1993-12-27;--;260;;;
42;33;140655552.54;2008-08-16;--;158;;;
43;33;103893168.15;2007-04-02;--;700;;;
44;33;6678860.05;1992-10-11;--;280;;;
54;33;446826478.33;2016-09-13;--;298;;;
68;33;61659377.53;2020-08-30;--;62;;;
80;33;449221385.2;2011-12-29;--;574;;;
82;33;195963548.73;1998-06-28;--;717;;;
83;33;282697349.38;2018-09-24;--;5;;;
89;33;428659240.61;2019-12-18;--;734;;;
93;33;457696911.87;2000-10-15;--;482;;;
101;33;367114271.56;2012-06-28;--;530;;;
108;33;264840833.14;1992-01-31;--;470;;;
111;33;62507758.58;2001-03-10;--;173;;;
112;33;440821910.89;1991-12-06;--;547;;;
113;33;335756577.92;2010-09-16;--;169;;;
126;33;29391297.64;2001-04-23;--;90;;;
128;33;143797922.95;2015-09-28;--;871;;;
131;33;111525997.42;1995-06-20;--;245;;;
134;33;175563244.95;2016-05-02;--;579;;;
139;33;258909531.53;2008-09-09;2011-08-04;120;;;
139;33;357711541.22;2021-10-11;--;212;;;
144;33;233452790.77;2000-04-06;--;157;;;
148;33;102793428.6;2018-01-18;--;57;;;
153;33;439964311.46;2004-03-31;--;364;;;
155;33;334721108.44;2011-08-03;2015-08-19;733;;;
155;33;127941672.32;2018-05-23;;60;;;
